-- phpMyAdmin SQL Dump
-- version 4.7.0
-- https://www.phpmyadmin.net/
--
-- Servidor: 127.0.0.1
-- Tiempo de generación: 16-12-2019 a las 03:49:42
-- Versión del servidor: 10.1.25-MariaDB
-- Versión de PHP: 7.1.7

SET SQL_MODE = "NO_AUTO_VALUE_ON_ZERO";
SET AUTOCOMMIT = 0;
START TRANSACTION;
SET time_zone = "+00:00";


/*!40101 SET @OLD_CHARACTER_SET_CLIENT=@@CHARACTER_SET_CLIENT */;
/*!40101 SET @OLD_CHARACTER_SET_RESULTS=@@CHARACTER_SET_RESULTS */;
/*!40101 SET @OLD_COLLATION_CONNECTION=@@COLLATION_CONNECTION */;
/*!40101 SET NAMES utf8mb4 */;

--
-- Base de datos: `consultasfrm`
--

-- --------------------------------------------------------

--
-- Estructura de tabla para la tabla `alumno`
--

CREATE TABLE `alumno` (
  `id_alumno` int(20) NOT NULL,
  `legajo` int(50) NOT NULL,
  `apellido` varchar(50) NOT NULL,
  `nombre` varchar(50) NOT NULL,
  `email` varchar(50) NOT NULL,
  `fechaNacimientoAlumno` date NOT NULL,
  `telefonoAlumno` varchar(50) NOT NULL,
  `eliminado` tinyint(1) DEFAULT NULL
) ENGINE=InnoDB DEFAULT CHARSET=utf8;

--
-- Volcado de datos para la tabla `alumno`
--

INSERT INTO `alumno` (`id_alumno`, `legajo`, `apellido`, `nombre`, `email`, `fechaNacimientoAlumno`, `telefonoAlumno`, `eliminado`) VALUES
(1, 35821, 'van den bosch', 'lucas', 'vandenboschlucas@hotmail.com', '1992-05-18', '2616394922', NULL),
(2, 32145, 'Porte', 'Gaston', 'gporte@gmail.com', '2019-09-09', '2618586488', NULL),
(17, 34891, 'Pereyra', 'Albana', 'albanapereyra@gmail.com', '0000-00-00', '', NULL);

-- --------------------------------------------------------

--
-- Estructura de tabla para la tabla `anotadosestado`
--

CREATE TABLE `anotadosestado` (
  `id_anotadoestado` int(20) NOT NULL,
  `fechaAnotadosEstado` date NOT NULL,
  `horaAnotadosEstado` time NOT NULL,
  `fk_estadoanotados` int(11) NOT NULL,
  `fk_detalleanotados` int(20) NOT NULL
) ENGINE=InnoDB DEFAULT CHARSET=utf8;

--
-- Volcado de datos para la tabla `anotadosestado`
--

INSERT INTO `anotadosestado` (`id_anotadoestado`, `fechaAnotadosEstado`, `horaAnotadosEstado`, `fk_estadoanotados`, `fk_detalleanotados`) VALUES
(83, '2019-09-21', '20:16:21', 2, 73),
(84, '2019-09-21', '20:17:17', 1, 73),
(85, '2019-09-21', '20:17:57', 2, 73),
(86, '2019-09-21', '20:18:01', 1, 73),
(87, '2019-09-21', '20:18:04', 2, 73),
(88, '2019-09-21', '20:18:07', 1, 73),
(90, '2019-09-21', '20:19:20', 1, 78),
(94, '2019-09-22', '22:47:03', 2, 73),
(95, '2019-09-22', '22:54:31', 1, 73),
(104, '2019-09-23', '00:24:43', 2, 73),
(105, '2019-09-23', '00:24:54', 1, 73),
(106, '2019-09-23', '00:25:07', 2, 73),
(107, '2019-09-23', '00:25:11', 1, 73),
(108, '2019-09-23', '00:30:26', 2, 73),
(109, '2019-09-23', '00:31:09', 1, 73),
(110, '2019-09-23', '00:31:23', 2, 73),
(111, '2019-09-23', '01:33:42', 1, 78),
(112, '2019-09-23', '12:18:57', 1, 73),
(113, '2019-09-23', '12:19:32', 2, 73),
(114, '2019-09-23', '12:19:41', 1, 73),
(115, '2019-09-23', '12:23:47', 2, 73),
(116, '2019-09-23', '12:23:50', 1, 73),
(117, '2019-09-23', '12:24:52', 2, 73),
(118, '2019-09-23', '12:24:55', 1, 73),
(119, '2019-09-23', '12:25:52', 2, 73),
(120, '2019-09-23', '12:25:55', 1, 73),
(121, '2019-09-23', '12:27:24', 2, 73),
(122, '2019-09-23', '12:27:27', 1, 73),
(123, '2019-09-23', '12:28:00', 2, 73),
(124, '2019-09-23', '12:28:03', 1, 73),
(125, '2019-09-23', '12:31:06', 2, 73),
(126, '2019-09-23', '12:31:11', 1, 73),
(127, '2019-09-23', '12:33:25', 2, 73),
(128, '2019-09-23', '12:33:29', 1, 73),
(131, '2019-09-28', '18:02:04', 2, 73),
(132, '2019-09-28', '18:02:18', 1, 73),
(139, '2019-10-12', '13:19:26', 2, 73),
(141, '2019-10-12', '13:20:18', 1, 73),
(147, '2019-10-12', '19:52:30', 4, 90),
(148, '2019-10-12', '19:53:03', 1, 91),
(149, '2019-10-14', '22:15:52', 2, 90),
(150, '2019-10-14', '22:21:14', 4, 91),
(151, '2019-10-20', '04:14:21', 1, 92),
(152, '2019-10-20', '04:16:48', 2, 92),
(153, '2019-10-20', '04:23:24', 1, 91),
(154, '2019-10-24', '12:42:16', 1, 93),
(155, '2019-10-24', '12:42:32', 1, 94),
(156, '2019-10-24', '12:42:56', 1, 95),
(157, '2019-10-24', '12:43:30', 1, 96),
(158, '2019-10-24', '12:43:43', 1, 97),
(159, '2019-10-24', '12:43:54', 1, 98),
(160, '2019-10-24', '12:44:08', 1, 99),
(161, '2019-10-24', '12:44:28', 1, 100),
(162, '2019-10-24', '12:44:39', 1, 101),
(163, '2019-10-24', '12:47:56', 1, 102),
(164, '2019-10-24', '12:48:22', 1, 103),
(165, '2019-10-24', '12:48:31', 1, 104),
(166, '2019-10-28', '16:03:20', 4, 93),
(167, '2019-10-28', '19:02:22', 4, 97),
(168, '2019-10-29', '08:04:34', 4, 104),
(169, '2019-10-29', '15:01:31', 4, 100),
(170, '2019-10-29', '15:04:00', 4, 96),
(171, '2019-10-29', '15:04:44', 1, 105),
(172, '2019-10-30', '19:01:49', 4, 95),
(173, '2019-10-31', '14:00:53', 4, 102),
(174, '2019-10-24', '15:51:10', 2, 94),
(175, '2019-10-24', '15:51:25', 1, 94),
(176, '2019-10-26', '12:10:00', 2, 105),
(177, '2019-10-26', '12:10:09', 2, 103),
(178, '2019-10-24', '17:08:52', 3, 94),
(179, '2019-10-29', '11:02:48', 5, 91),
(180, '2019-10-29', '20:59:28', 1, 106),
(181, '2019-10-29', '21:03:35', 2, 106),
(182, '2019-10-30', '12:15:14', 1, 107),
(183, '2019-10-31', '10:36:12', 1, 106),
(184, '2019-10-31', '10:42:02', 1, 105),
(185, '2019-10-31', '10:47:14', 1, 108),
(186, '2019-10-31', '10:49:44', 1, 109),
(187, '2019-11-01', '10:57:06', 2, 98),
(188, '2019-11-01', '10:57:16', 2, 99),
(189, '2019-11-01', '10:57:41', 2, 109),
(190, '2019-11-01', '20:40:35', 5, 101),
(191, '2019-11-01', '20:40:35', 5, 107),
(192, '2019-11-05', '16:46:20', 5, 108),
(193, '2019-11-05', '18:47:04', 1, 109),
(194, '2019-11-05', '18:52:27', 1, 110),
(195, '2019-11-05', '18:56:13', 2, 110),
(196, '2019-11-05', '18:56:28', 1, 111),
(197, '2019-11-05', '18:59:35', 1, 99),
(198, '2019-11-05', '19:02:58', 1, 110),
(199, '2019-11-06', '12:30:42', 1, 112),
(200, '2019-11-06', '12:42:39', 2, 110),
(201, '2019-11-06', '12:51:40', 1, 110),
(202, '2019-11-07', '11:19:06', 2, 110),
(203, '2019-11-07', '11:21:25', 2, 106),
(204, '2019-11-07', '11:21:29', 2, 99),
(205, '2019-11-07', '11:21:34', 2, 105),
(206, '2019-11-07', '11:48:22', 1, 113),
(207, '2019-11-07', '12:10:55', 2, 113),
(208, '2019-11-07', '12:11:49', 1, 114),
(209, '2019-11-07', '17:28:54', 1, 115),
(210, '2019-11-07', '17:29:28', 1, 116),
(211, '2019-11-07', '17:30:07', 1, 117),
(212, '2019-11-07', '17:30:46', 1, 118),
(213, '2019-11-07', '17:31:26', 1, 119),
(214, '2019-11-07', '17:31:53', 1, 105),
(215, '2019-11-05', '17:02:14', 4, 105),
(216, '2019-11-08', '15:11:38', 4, 111),
(217, '2019-11-08', '17:11:51', 4, 112),
(218, '2019-11-07', '18:07:01', 1, 120),
(219, '2019-11-07', '18:46:41', 2, 120),
(220, '2019-11-07', '18:47:01', 2, 117),
(221, '2019-11-07', '18:47:04', 2, 118),
(222, '2019-11-07', '19:08:39', 2, 119),
(223, '2019-11-07', '19:13:09', 1, 121),
(224, '2019-11-07', '19:17:27', 2, 121),
(225, '2019-11-07', '19:59:05', 1, 122),
(226, '2019-11-07', '20:06:55', 1, 123),
(227, '2019-11-07', '20:08:44', 2, 123),
(228, '2019-11-07', '20:10:17', 1, 123),
(229, '2019-11-07', '20:12:29', 2, 123),
(230, '2019-11-07', '20:47:28', 1, 123),
(231, '2019-11-07', '20:48:31', 1, 124),
(232, '2019-11-12', '15:34:39', 4, 122),
(233, '2019-11-09', '17:41:19', 1, 125),
(234, '2019-11-09', '17:43:59', 2, 125),
(235, '2019-11-09', '17:46:11', 1, 125),
(236, '2019-11-09', '17:47:52', 2, 125),
(237, '2019-11-09', '17:49:54', 1, 125),
(238, '2019-11-09', '17:51:43', 2, 125),
(239, '2019-11-09', '17:52:44', 1, 125),
(240, '2019-11-09', '17:55:32', 2, 125),
(241, '2019-11-09', '17:56:18', 1, 125),
(242, '2019-11-09', '17:58:19', 2, 125),
(243, '2019-11-09', '17:59:34', 1, 125),
(244, '2019-11-09', '18:00:46', 2, 125),
(245, '2019-11-09', '18:03:10', 1, 125),
(246, '2019-11-09', '18:04:59', 2, 125),
(247, '2019-11-09', '18:08:22', 1, 125),
(248, '2019-11-09', '18:09:27', 2, 125),
(249, '2019-11-09', '18:09:49', 1, 125),
(250, '2019-11-09', '18:11:39', 2, 125),
(251, '2019-11-09', '18:12:43', 1, 125),
(252, '2019-11-12', '15:32:12', 4, 125),
(253, '2019-11-14', '11:50:05', 1, 126),
(254, '2019-11-14', '12:59:24', 1, 127),
(255, '2019-11-14', '19:09:56', 1, 128),
(256, '2019-11-22', '10:03:34', 5, 127),
(257, '2019-11-22', '10:03:34', 5, 126),
(258, '2019-11-22', '10:03:35', 5, 128),
(259, '2019-11-29', '10:34:46', 5, 123),
(260, '2019-11-29', '10:34:46', 5, 124),
(261, '2019-11-29', '10:35:34', 1, 129),
(262, '2019-11-29', '10:35:43', 1, 130),
(263, '2019-11-29', '10:35:52', 1, 131),
(264, '2019-11-29', '10:36:01', 1, 132),
(265, '2019-11-29', '17:33:47', 5, 132),
(266, '2019-11-29', '17:33:48', 5, 130),
(267, '2019-12-04', '11:02:41', 5, 131),
(268, '2019-12-11', '23:41:53', 5, 129),
(269, '2019-12-13', '16:52:32', 1, 133),
(270, '2019-12-13', '17:00:45', 2, 133),
(271, '2019-12-13', '17:00:55', 1, 133),
(272, '2019-12-13', '17:07:40', 2, 133),
(273, '2019-12-13', '17:12:52', 1, 134),
(274, '2019-12-13', '17:13:24', 1, 135),
(275, '2019-12-13', '18:13:26', 1, 136),
(276, '2019-12-13', '18:14:37', 5, 136),
(277, '2019-12-13', '18:15:24', 1, 137),
(278, '2019-12-13', '18:15:53', 2, 137);

-- --------------------------------------------------------

--
-- Estructura de tabla para la tabla `asueto`
--

CREATE TABLE `asueto` (
  `id_asueto` int(20) NOT NULL,
  `fechaAsueto` date NOT NULL,
  `horaDesdeAsueto` time NOT NULL,
  `horaHastaAsueto` time NOT NULL,
  `tipo` varchar(16) NOT NULL
) ENGINE=InnoDB DEFAULT CHARSET=utf8;

--
-- Volcado de datos para la tabla `asueto`
--

INSERT INTO `asueto` (`id_asueto`, `fechaAsueto`, `horaDesdeAsueto`, `horaHastaAsueto`, `tipo`) VALUES
(971, '2019-12-30', '08:00:00', '23:30:00', ''),
(972, '2019-12-31', '08:00:00', '23:30:00', ''),
(974, '2020-01-02', '08:00:00', '23:30:00', ''),
(975, '2020-01-03', '08:00:00', '23:30:00', ''),
(976, '2020-01-04', '08:00:00', '23:30:00', ''),
(977, '2020-01-05', '08:00:00', '23:30:00', ''),
(978, '2020-01-06', '08:00:00', '23:30:00', ''),
(979, '2020-01-07', '08:00:00', '23:30:00', ''),
(980, '2020-01-08', '08:00:00', '23:30:00', ''),
(981, '2020-01-09', '08:00:00', '23:30:00', ''),
(982, '2020-01-10', '08:00:00', '23:30:00', ''),
(983, '2020-01-11', '08:00:00', '23:30:00', ''),
(985, '2020-01-13', '08:00:00', '23:30:00', ''),
(986, '2020-01-14', '08:00:00', '23:30:00', ''),
(987, '2020-01-15', '08:00:00', '23:30:00', ''),
(988, '2020-01-16', '08:00:00', '23:30:00', ''),
(989, '2020-01-17', '08:00:00', '23:30:00', ''),
(990, '2020-01-18', '08:00:00', '23:30:00', ''),
(991, '2020-01-19', '08:00:00', '23:30:00', ''),
(992, '2020-01-20', '08:00:00', '23:30:00', ''),
(993, '2020-01-21', '08:00:00', '23:30:00', ''),
(994, '2020-01-22', '08:00:00', '23:30:00', ''),
(995, '2020-01-23', '08:00:00', '23:30:00', ''),
(996, '2020-01-24', '08:00:00', '23:30:00', ''),
(997, '2020-01-25', '08:00:00', '23:30:00', ''),
(998, '2020-01-26', '08:00:00', '23:30:00', ''),
(999, '2020-01-27', '08:00:00', '23:30:00', ''),
(1000, '2020-01-28', '08:00:00', '23:30:00', ''),
(1001, '2020-01-29', '08:00:00', '23:30:00', ''),
(1002, '2020-01-30', '08:00:00', '23:30:00', ''),
(1003, '2020-01-31', '08:00:00', '23:30:00', ''),
(1004, '2020-02-01', '08:00:00', '23:30:00', ''),
(1005, '2020-02-02', '08:00:00', '23:30:00', ''),
(1006, '2020-02-03', '08:00:00', '23:30:00', ''),
(1007, '2020-02-04', '08:00:00', '23:30:00', ''),
(1009, '2020-02-06', '08:00:00', '23:30:00', ''),
(1010, '2020-02-07', '08:00:00', '23:30:00', ''),
(1011, '2020-02-08', '08:00:00', '23:30:00', ''),
(1012, '2020-02-09', '08:00:00', '23:30:00', ''),
(1013, '2020-02-10', '08:00:00', '23:30:00', ''),
(1014, '2020-02-11', '08:00:00', '23:30:00', ''),
(1015, '2020-02-12', '08:00:00', '23:30:00', ''),
(1020, '2020-02-17', '08:00:00', '23:30:00', ''),
(1021, '2020-02-18', '08:00:00', '23:30:00', ''),
(1022, '2020-02-19', '08:00:00', '23:30:00', ''),
(1023, '2020-02-20', '08:00:00', '23:30:00', ''),
(1024, '2020-02-21', '08:00:00', '23:30:00', ''),
(1025, '2020-02-22', '08:00:00', '23:30:00', ''),
(1026, '2020-02-23', '08:00:00', '23:30:00', ''),
(1027, '2020-02-24', '08:00:00', '23:30:00', ''),
(1028, '2020-02-25', '08:00:00', '23:30:00', ''),
(1029, '2020-02-26', '08:00:00', '23:30:00', ''),
(1030, '2020-02-27', '08:00:00', '23:30:00', ''),
(1031, '2020-02-28', '08:00:00', '23:30:00', ''),
(1032, '2020-02-29', '08:00:00', '23:30:00', ''),
(1033, '2020-03-01', '08:00:00', '23:30:00', ''),
(1065, '2020-03-01', '08:00:00', '23:30:00', ''),
(1070, '2020-03-01', '08:00:00', '23:30:00', ''),
(1071, '2019-10-12', '08:00:00', '23:30:00', ''),
(1072, '2019-10-22', '08:00:00', '23:30:00', ''),
(1073, '2019-11-18', '08:00:00', '23:30:00', ''),
(1074, '2019-12-25', '08:00:00', '23:30:00', ''),
(1075, '2019-12-20', '08:00:00', '23:30:00', ''),
(1076, '2019-12-21', '08:00:00', '23:30:00', ''),
(1077, '2019-12-22', '08:00:00', '23:30:00', ''),
(1078, '2019-12-23', '08:00:00', '23:30:00', ''),
(1080, '2019-12-26', '08:00:00', '23:30:00', ''),
(1081, '2019-12-27', '08:00:00', '23:30:00', ''),
(1082, '2019-12-28', '08:00:00', '23:30:00', ''),
(1083, '2019-12-29', '08:00:00', '23:30:00', ''),
(1084, '2020-02-02', '08:00:00', '23:30:00', ''),
(1091, '2019-06-07', '08:00:00', '23:30:00', ''),
(1092, '2019-06-08', '08:00:00', '23:30:00', ''),
(1093, '2019-06-09', '08:00:00', '23:30:00', ''),
(1094, '2019-06-10', '08:00:00', '23:30:00', ''),
(1095, '2019-06-11', '08:00:00', '23:30:00', ''),
(1096, '2019-06-12', '08:00:00', '23:30:00', ''),
(1097, '2019-06-13', '08:00:00', '23:30:00', ''),
(1098, '2019-06-14', '08:00:00', '23:30:00', ''),
(1099, '2019-06-15', '08:00:00', '23:30:00', ''),
(1100, '2019-06-16', '08:00:00', '23:30:00', ''),
(1101, '2019-06-17', '08:00:00', '23:30:00', ''),
(1102, '2019-06-18', '08:00:00', '23:30:00', ''),
(1103, '2019-06-19', '08:00:00', '23:30:00', ''),
(1104, '2019-06-20', '08:00:00', '23:30:00', ''),
(1105, '2019-06-21', '08:00:00', '23:30:00', ''),
(1106, '2019-06-22', '08:00:00', '23:30:00', ''),
(1107, '2019-06-23', '08:00:00', '23:30:00', ''),
(1108, '2019-06-24', '08:00:00', '23:30:00', ''),
(1109, '2019-06-25', '08:00:00', '23:30:00', ''),
(1110, '2019-06-26', '08:00:00', '23:30:00', ''),
(1111, '2019-06-27', '08:00:00', '23:30:00', ''),
(1112, '2019-06-28', '08:00:00', '23:30:00', ''),
(1113, '2019-06-29', '08:00:00', '23:30:00', ''),
(1114, '2019-06-30', '08:00:00', '23:30:00', ''),
(1115, '2019-07-01', '08:00:00', '23:30:00', ''),
(1117, '2019-06-06', '08:00:00', '23:30:00', ''),
(1118, '2019-01-01', '08:00:00', '23:30:00', ''),
(1119, '2019-01-02', '08:00:00', '23:30:00', ''),
(1120, '2019-01-03', '08:00:00', '23:30:00', ''),
(1121, '2019-01-04', '08:00:00', '23:30:00', ''),
(1122, '2019-01-05', '08:00:00', '23:30:00', ''),
(1123, '2019-01-06', '08:00:00', '23:30:00', ''),
(1124, '2019-01-12', '08:00:00', '23:30:00', ''),
(1125, '2019-01-11', '08:00:00', '23:30:00', ''),
(1126, '2019-01-10', '08:00:00', '23:30:00', ''),
(1127, '2019-01-08', '08:00:00', '23:30:00', ''),
(1128, '2019-01-07', '08:00:00', '23:30:00', ''),
(1129, '2019-01-14', '08:00:00', '23:30:00', ''),
(1130, '2019-01-15', '08:00:00', '23:30:00', ''),
(1131, '2019-01-16', '08:00:00', '23:30:00', ''),
(1132, '2019-01-09', '08:00:00', '23:30:00', ''),
(1133, '2019-01-17', '08:00:00', '23:30:00', ''),
(1134, '2019-01-18', '08:00:00', '23:30:00', ''),
(1135, '2019-01-19', '08:00:00', '23:30:00', ''),
(1136, '2019-01-20', '08:00:00', '23:30:00', ''),
(1137, '2019-01-13', '08:00:00', '23:30:00', ''),
(1138, '2019-01-27', '08:00:00', '23:30:00', ''),
(1139, '2019-01-25', '08:00:00', '23:30:00', ''),
(1140, '2019-01-24', '08:00:00', '23:30:00', ''),
(1141, '2019-01-23', '08:00:00', '23:30:00', ''),
(1142, '2019-01-22', '08:00:00', '23:30:00', ''),
(1143, '2019-01-21', '08:00:00', '23:30:00', ''),
(1144, '2019-01-29', '08:00:00', '23:30:00', ''),
(1145, '2019-01-30', '08:00:00', '23:30:00', ''),
(1146, '2019-01-31', '08:00:00', '23:30:00', ''),
(1147, '2019-01-26', '08:00:00', '23:30:00', ''),
(1148, '2019-01-28', '08:00:00', '23:30:00', ''),
(1149, '2025-02-16', '08:00:00', '23:30:00', ''),
(1150, '2019-01-01', '08:00:00', '23:30:00', 'receso'),
(1151, '2019-01-02', '08:00:00', '23:30:00', 'receso'),
(1153, '2019-01-04', '08:00:00', '23:30:00', 'receso'),
(1154, '2019-01-05', '08:00:00', '23:30:00', 'receso'),
(1156, '2019-01-07', '08:00:00', '23:30:00', 'receso'),
(1157, '2019-01-08', '08:00:00', '23:30:00', 'receso'),
(1158, '2019-01-09', '08:00:00', '23:30:00', 'receso'),
(1159, '2019-01-10', '08:00:00', '23:30:00', 'receso'),
(1160, '2019-01-11', '08:00:00', '23:30:00', 'receso'),
(1161, '2019-01-12', '08:00:00', '23:30:00', 'receso'),
(1162, '2019-01-13', '08:00:00', '23:30:00', 'receso'),
(1163, '2019-01-14', '08:00:00', '23:30:00', 'receso'),
(1164, '2019-01-15', '08:00:00', '23:30:00', 'receso'),
(1165, '2019-01-16', '08:00:00', '23:30:00', 'receso'),
(1166, '2019-01-17', '08:00:00', '23:30:00', 'receso'),
(1167, '2019-01-18', '08:00:00', '23:30:00', 'receso'),
(1168, '2019-01-19', '08:00:00', '23:30:00', 'receso'),
(1169, '2019-01-20', '08:00:00', '23:30:00', 'receso'),
(1170, '2019-01-21', '08:00:00', '23:30:00', 'receso'),
(1171, '2019-01-22', '08:00:00', '23:30:00', 'receso'),
(1172, '2019-01-23', '08:00:00', '23:30:00', 'receso'),
(1173, '2019-01-24', '08:00:00', '23:30:00', 'receso'),
(1174, '2019-01-25', '08:00:00', '23:30:00', 'receso'),
(1175, '2019-01-26', '08:00:00', '23:30:00', 'receso'),
(1176, '2019-01-27', '08:00:00', '23:30:00', 'receso'),
(1177, '2019-01-28', '08:00:00', '23:30:00', 'receso'),
(1178, '2019-01-29', '08:00:00', '23:30:00', 'receso'),
(1179, '2019-01-30', '08:00:00', '23:30:00', 'receso'),
(1180, '2019-01-31', '08:00:00', '23:30:00', 'receso'),
(1184, '2018-01-01', '08:00:00', '23:30:00', 'receso'),
(1185, '2018-01-02', '08:00:00', '23:30:00', 'receso'),
(1186, '2018-01-03', '08:00:00', '23:30:00', 'receso'),
(1187, '2018-01-04', '08:00:00', '23:30:00', 'receso'),
(1188, '2018-01-05', '08:00:00', '23:30:00', 'receso'),
(1189, '2018-01-06', '08:00:00', '23:30:00', 'receso'),
(1190, '2018-01-07', '08:00:00', '23:30:00', 'receso'),
(1191, '2018-01-08', '08:00:00', '23:30:00', 'receso'),
(1192, '2018-01-09', '08:00:00', '23:30:00', 'receso'),
(1193, '2018-01-10', '08:00:00', '23:30:00', 'receso'),
(1194, '2018-01-11', '08:00:00', '23:30:00', 'receso'),
(1195, '2018-01-12', '08:00:00', '23:30:00', 'receso'),
(1196, '2018-01-13', '08:00:00', '23:30:00', 'receso'),
(1198, '2018-01-15', '08:00:00', '23:30:00', 'receso'),
(1199, '2018-01-16', '08:00:00', '23:30:00', 'receso'),
(1200, '2018-01-17', '08:00:00', '23:30:00', 'receso'),
(1201, '2018-01-18', '08:00:00', '23:30:00', 'receso'),
(1202, '2018-01-19', '08:00:00', '23:30:00', 'receso'),
(1203, '2018-01-20', '08:00:00', '23:30:00', 'receso'),
(1204, '2018-01-21', '08:00:00', '23:30:00', 'receso'),
(1205, '2018-01-22', '08:00:00', '23:30:00', 'receso'),
(1206, '2018-01-23', '08:00:00', '23:30:00', 'receso'),
(1207, '2018-01-24', '08:00:00', '23:30:00', 'receso'),
(1208, '2018-01-25', '08:00:00', '23:30:00', 'receso'),
(1209, '2018-01-26', '08:00:00', '23:30:00', 'receso'),
(1210, '2018-01-27', '08:00:00', '23:30:00', 'receso'),
(1211, '2018-01-28', '08:00:00', '23:30:00', 'receso'),
(1212, '2018-01-29', '08:00:00', '23:30:00', 'receso'),
(1213, '2018-01-30', '08:00:00', '23:30:00', 'receso'),
(1214, '2018-01-31', '08:00:00', '23:30:00', 'receso'),
(1215, '2018-02-01', '08:00:00', '23:30:00', 'receso'),
(1216, '2018-02-02', '08:00:00', '23:30:00', 'receso'),
(1217, '2018-02-03', '08:00:00', '23:30:00', 'receso'),
(1218, '2018-02-04', '08:00:00', '23:30:00', 'receso'),
(1223, '2019-12-08', '08:00:00', '23:30:00', 'feriado'),
(1224, '2019-01-06', '08:00:00', '23:30:00', 'receso'),
(1225, '2018-01-14', '08:00:00', '23:30:00', 'receso'),
(1227, '2019-01-03', '08:00:00', '23:30:00', 'receso');

-- --------------------------------------------------------

--
-- Estructura de tabla para la tabla `aula`
--

CREATE TABLE `aula` (
  `cuerpoAula` varchar(20) NOT NULL,
  `nivelAula` int(11) NOT NULL,
  `numeroAula` varchar(20) NOT NULL,
  `id_aula` int(20) NOT NULL,
  `eliminado` tinyint(1) DEFAULT NULL
) ENGINE=InnoDB DEFAULT CHARSET=utf8;

--
-- Volcado de datos para la tabla `aula`
--

INSERT INTO `aula` (`cuerpoAula`, `nivelAula`, `numeroAula`, `id_aula`, `eliminado`) VALUES
('1', 0, '2', 1, NULL),
('1', 0, '4', 2, NULL),
('1', 1, '1', 113, NULL),
('1', 1, '2', 114, NULL),
('1', 1, '11', 115, NULL),
('1', 1, '12', 116, NULL),
('1', 1, '3', 117, NULL),
('1', 1, '4', 118, NULL),
('1', 1, '5', 119, NULL),
('1', 1, '6', 120, NULL),
('1', 1, '8', 121, NULL),
('2', 1, '1', 122, NULL);

-- --------------------------------------------------------

--
-- Estructura de tabla para la tabla `avisoprofesor`
--

CREATE TABLE `avisoprofesor` (
  `id_avisoprofesor` int(20) NOT NULL,
  `fechaAvisoProfesor` date NOT NULL,
  `detalleDescripcion` varchar(500) NOT NULL,
  `fk_horadeconsulta` int(20) NOT NULL,
  `horaAvisoProfesor` time(5) NOT NULL
) ENGINE=InnoDB DEFAULT CHARSET=utf8;

--
-- Volcado de datos para la tabla `avisoprofesor`
--

INSERT INTO `avisoprofesor` (`id_avisoprofesor`, `fechaAvisoProfesor`, `detalleDescripcion`, `fk_horadeconsulta`, `horaAvisoProfesor`) VALUES
(41, '2019-11-14', 'Llego en 10 minutos.', 87, '13:42:00.00000'),
(42, '2019-11-14', 'Llego en 10 minutos.', 100, '13:45:19.00000'),
(43, '2019-11-14', 'llego mas tarde', 105, '19:08:18.00000');

-- --------------------------------------------------------

--
-- Estructura de tabla para la tabla `dedicacion`
--

CREATE TABLE `dedicacion` (
  `id_dedicacion` int(16) NOT NULL,
  `tipo` varchar(20) NOT NULL,
  `cantidadHora` int(11) NOT NULL
) ENGINE=InnoDB DEFAULT CHARSET=utf8;

--
-- Volcado de datos para la tabla `dedicacion`
--

INSERT INTO `dedicacion` (`id_dedicacion`, `tipo`, `cantidadHora`) VALUES
(1, 'doble', 2),
(2, 'simple', 1);

-- --------------------------------------------------------

--
-- Estructura de tabla para la tabla `dedicacion_materia_profesor`
--

CREATE TABLE `dedicacion_materia_profesor` (
  `id_dedicacion_materia_profesor` int(20) NOT NULL,
  `fk_dedicacion` int(20) NOT NULL,
  `fk_materia` int(20) NOT NULL,
  `fk_profesor` int(20) NOT NULL,
  `eliminado` tinyint(1) DEFAULT NULL
) ENGINE=InnoDB DEFAULT CHARSET=utf8;

--
-- Volcado de datos para la tabla `dedicacion_materia_profesor`
--

INSERT INTO `dedicacion_materia_profesor` (`id_dedicacion_materia_profesor`, `fk_dedicacion`, `fk_materia`, `fk_profesor`, `eliminado`) VALUES
(1, 1, 1, 2, 1),
(2, 2, 4, 2, NULL),
(3, 2, 2, 3, NULL),
(4, 2, 2, 3, NULL),
(5, 1, 3, 5, 1),
(6, 1, 7, 6, NULL),
(7, 1, 7, 6, NULL),
(8, 1, 7, 6, NULL),
(9, 1, 7, 6, NULL),
(18, 1, 7, 10, NULL),
(19, 2, 9, 12, NULL),
(20, 2, 4, 13, 1),
(22, 2, 11, 15, NULL),
(24, 2, 13, 17, NULL),
(25, 2, 8, 18, NULL),
(26, 2, 8, 19, NULL),
(27, 1, 8, 11, NULL),
(28, 2, 8, 20, 1),
(32, 2, 4, 21, NULL),
(33, 1, 1, 13, 1),
(34, 1, 1, 21, NULL),
(36, 2, 12, 16, NULL),
(38, 2, 18, 22, NULL),
(41, 2, 18, 15, NULL),
(42, 2, 19, 24, NULL),
(44, 2, 14, 16, NULL),
(45, 2, 10, 14, NULL),
(46, 2, 18, 25, NULL),
(47, 2, 1, 4, 1),
(48, 1, 1, 4, 1),
(49, 2, 20, 3, NULL),
(50, 2, 4, 13, NULL),
(51, 2, 1, 4, NULL),
(52, 2, 1, 5, NULL),
(53, 2, 1, 26, NULL),
(54, 1, 3, 13, NULL),
(55, 2, 8, 20, NULL);

-- --------------------------------------------------------

--
-- Estructura de tabla para la tabla `departamento`
--

CREATE TABLE `departamento` (
  `id_departamento` int(20) NOT NULL,
  `nombre` varchar(50) NOT NULL,
  `fk_aula` int(20) NOT NULL,
  `eliminado` tinyint(1) DEFAULT NULL
) ENGINE=InnoDB DEFAULT CHARSET=utf8;

--
-- Volcado de datos para la tabla `departamento`
--

INSERT INTO `departamento` (`id_departamento`, `nombre`, `fk_aula`, `eliminado`) VALUES
(1, 'Sistemas', 1, NULL),
(2, 'Básicas', 115, NULL),
(4, 'Electrónica', 1, NULL),
(6, 'Química', 1, NULL),
(7, 'Electromecánica', 1, NULL);

-- --------------------------------------------------------

--
-- Estructura de tabla para la tabla `detalleanotados`
--

CREATE TABLE `detalleanotados` (
  `id_detalleanotados` int(20) NOT NULL,
  `fechaDesdeAnotados` date NOT NULL,
  `horaDetalleAnotados` time(6) NOT NULL,
  `tema` mediumtext,
  `fk_alumno` int(20) NOT NULL,
  `fk_horadeconsulta` int(20) NOT NULL
) ENGINE=InnoDB DEFAULT CHARSET=utf8;

--
-- Volcado de datos para la tabla `detalleanotados`
--

INSERT INTO `detalleanotados` (`id_detalleanotados`, `fechaDesdeAnotados`, `horaDetalleAnotados`, `tema`, `fk_alumno`, `fk_horadeconsulta`) VALUES
(90, '2019-10-12', '19:52:30.000000', '1', 2, 31),
(91, '2019-10-12', '19:53:03.000000', '', 1, 31),
(92, '2019-10-20', '04:14:21.000000', '', 1, 54),
(93, '2019-10-24', '12:42:16.000000', '', 17, 58),
(94, '2019-10-24', '12:42:32.000000', '', 17, 59),
(95, '2019-10-24', '12:42:56.000000', '', 17, 66),
(96, '2019-10-24', '12:43:30.000000', '', 17, 64),
(97, '2019-10-24', '12:43:43.000000', '', 17, 60),
(98, '2019-10-24', '12:43:54.000000', '', 17, 56),
(99, '2019-10-24', '12:44:08.000000', 'diagrama de clases', 17, 55),
(100, '2019-10-24', '12:44:28.000000', '', 17, 68),
(101, '2019-10-24', '12:44:39.000000', '', 17, 62),
(102, '2019-10-24', '12:47:56.000000', '', 17, 69),
(103, '2019-10-24', '12:48:22.000000', '', 17, 31),
(104, '2019-10-24', '12:48:31.000000', '', 17, 54),
(105, '2019-10-29', '15:04:44.000000', 'clases, navegabilidad', 17, 74),
(106, '2019-10-29', '20:59:28.000000', 'diagrama de secuencia', 17, 75),
(107, '2019-10-30', '12:15:14.000000', 'nyquits', 17, 77),
(108, '2019-10-31', '10:47:14.000000', '', 17, 70),
(109, '2019-10-31', '10:49:44.000000', '', 17, 76),
(110, '2019-11-05', '18:52:27.000000', 'formas canónicas', 17, 81),
(111, '2019-11-05', '18:56:28.000000', '', 17, 80),
(112, '2019-11-06', '12:30:42.000000', 'procesos', 17, 79),
(113, '2019-11-07', '11:48:22.000000', 'TP nº 2', 1, 83),
(114, '2019-11-07', '12:11:49.000000', 'tp nº 3', 1, 76),
(115, '2019-11-07', '17:28:54.000000', 'redes LAN', 1, 90),
(116, '2019-11-07', '17:29:28.000000', 'trabajo nº 2', 1, 91),
(117, '2019-11-07', '17:30:07.000000', 'armado de redes', 17, 90),
(118, '2019-11-07', '17:30:46.000000', 'comunicación no verbal ', 17, 91),
(119, '2019-11-07', '17:31:26.000000', 'revisar tpi nº1', 17, 86),
(120, '2019-11-07', '18:07:01.000000', 'macroeconomía', 17, 95),
(121, '2019-11-07', '19:13:09.000000', 'minería de datos.', 17, 89),
(122, '2019-11-07', '19:59:05.000000', 'redes LAN', 17, 96),
(123, '2019-11-07', '20:06:55.000000', 'minería de datos', 17, 100),
(124, '2019-11-07', '20:48:31.000000', 'problemas con pentaho.', 1, 100),
(125, '2019-11-09', '17:41:19.000000', 'tp nº 2.', 17, 107),
(126, '2019-11-14', '11:50:05.000000', '', 17, 94),
(127, '2019-11-14', '12:59:24.000000', 'Mostrar correcciones del TP integrador nº2', 17, 87),
(128, '2019-11-14', '19:09:56.000000', 'nyquits', 17, 105),
(129, '2019-11-29', '10:35:34.000000', '', 17, 130),
(130, '2019-11-29', '10:35:43.000000', '', 17, 122),
(131, '2019-11-29', '10:35:52.000000', '', 17, 132),
(132, '2019-11-29', '10:36:01.000000', '', 17, 115),
(133, '2019-12-13', '16:52:32.000000', 'Solver', 17, 149),
(134, '2019-12-13', '17:12:52.000000', 'minería de datos', 17, 155),
(135, '2019-12-13', '17:13:24.000000', 'indicadores', 1, 155),
(136, '2019-12-13', '18:13:26.000000', '', 17, 147),
(137, '2019-12-13', '18:15:24.000000', '', 17, 158);

-- --------------------------------------------------------

--
-- Estructura de tabla para la tabla `dia`
--

CREATE TABLE `dia` (
  `id_dia` int(20) NOT NULL,
  `dia` varchar(50) NOT NULL
) ENGINE=InnoDB DEFAULT CHARSET=utf32;

--
-- Volcado de datos para la tabla `dia`
--

INSERT INTO `dia` (`id_dia`, `dia`) VALUES
(1, 'Lunes'),
(2, 'Martes'),
(3, 'Miércoles'),
(4, 'Jueves'),
(5, 'Viernes'),
(6, 'Sábado');

-- --------------------------------------------------------

--
-- Estructura de tabla para la tabla `estadoanotados`
--

CREATE TABLE `estadoanotados` (
  `id_estadoanotados` int(20) NOT NULL,
  `nombreEstado` varchar(15) NOT NULL
) ENGINE=InnoDB DEFAULT CHARSET=utf8;

--
-- Volcado de datos para la tabla `estadoanotados`
--

INSERT INTO `estadoanotados` (`id_estadoanotados`, `nombreEstado`) VALUES
(1, 'Anotado'),
(2, 'Eliminado'),
(3, 'Ausente'),
(4, 'Presente'),
(5, 'Suspendido'),
(6, 'Reprogramado');

-- --------------------------------------------------------

--
-- Estructura de tabla para la tabla `falta`
--

CREATE TABLE `falta` (
  `id_falta` int(20) NOT NULL,
  `fechaFalta` date NOT NULL,
  `tipo` varchar(20) CHARACTER SET utf8 NOT NULL,
  `minutos` varchar(20) CHARACTER SET utf8 DEFAULT NULL,
  `fk_horadeconsulta` int(20) NOT NULL,
  `fk_materia` int(20) NOT NULL,
  `fk_profesor` int(20) NOT NULL,
  `fk_departamento` int(20) NOT NULL
) ENGINE=InnoDB DEFAULT CHARSET=latin1;

--
-- Volcado de datos para la tabla `falta`
--

INSERT INTO `falta` (`id_falta`, `fechaFalta`, `tipo`, `minutos`, `fk_horadeconsulta`, `fk_materia`, `fk_profesor`, `fk_departamento`) VALUES
(1, '2019-10-28', 'Falta', NULL, 57, 4, 13, 1),
(2, '2019-10-28', 'Tardanza', '00:07', 58, 4, 13, 1),
(3, '2019-10-23', 'Tardanza', '00:02', 59, 10, 14, 1),
(4, '2019-10-28', 'Tardanza', '00:16', 60, 11, 15, 1),
(5, '2019-10-23', 'Falta', NULL, 61, 12, 16, 1),
(6, '2019-10-23', 'Falta', NULL, 63, 8, 18, 1),
(7, '2019-10-29', 'Tardanza', '00:06', 64, 8, 19, 1),
(8, '2019-10-29', 'Falta', NULL, 65, 8, 18, 1),
(9, '2019-10-30', 'Tardanza', '00:20', 66, 8, 18, 1),
(10, '2019-10-30', 'Falta', NULL, 67, 12, 16, 1),
(11, '2019-10-29', 'Tardanza', '00:11', 68, 12, 16, 1),
(12, '2019-10-31', 'Tardanza', '00:34', 69, 14, 16, 1),
(13, '2019-10-25', 'Falta', NULL, 56, 9, 12, 1),
(14, '2019-10-25', 'Falta', NULL, 62, 13, 17, 1),
(15, '2019-10-31', 'Falta', NULL, 77, 10, 14, 1),
(16, '2019-11-05', 'Falta', NULL, 73, 12, 16, 1),
(17, '2019-11-05', 'Falta', NULL, 78, 1, 13, 1),
(18, '2019-11-04', 'Falta', NULL, 70, 4, 13, 1),
(19, '2019-11-05', 'Tardanza', '00:09', 74, 8, 19, 1),
(20, '2019-11-08', 'Tardanza', '00:17', 79, 9, 12, 1),
(21, '2019-11-08', 'Tardanza', '00:06', 80, 13, 17, 1),
(22, '2019-11-12', 'Falta', NULL, 90, 18, 22, 1),
(23, '2019-11-12', 'Falta', NULL, 84, 4, 13, 1),
(24, '2019-11-13', 'Falta', NULL, 85, 4, 21, 1),
(25, '2019-11-13', 'Falta', NULL, 89, 12, 16, 1),
(26, '2019-11-12', 'Falta', NULL, 92, 18, 15, 1),
(27, '2019-11-12', 'Tardanza', '00:54', 96, 18, 22, 1),
(28, '2019-11-12', 'Falta', NULL, 99, 12, 16, 1),
(29, '2019-11-11', 'Falta', NULL, 102, 18, 15, 1),
(30, '2019-11-11', 'Falta', NULL, 104, 10, 14, 1),
(31, '2019-11-12', 'Tardanza', '00:59', 107, 18, 22, 1),
(32, '2019-11-11', 'Falta', NULL, 108, 18, 25, 1),
(33, '2019-11-04', 'Falta', NULL, 71, 11, 15, 1),
(34, '2019-11-06', 'Falta', NULL, 75, 8, 18, 1),
(35, '2019-11-13', 'Falta', NULL, 86, 1, 21, 1),
(36, '2019-11-14', 'Falta', NULL, 87, 1, 21, 1),
(37, '2019-11-15', 'Falta', NULL, 93, 13, 17, 1),
(38, '2019-11-15', 'Falta', NULL, 94, 9, 12, 1),
(39, '2019-11-08', 'Falta', NULL, 95, 19, 24, 2),
(40, '2019-11-08', 'Falta', NULL, 97, 4, 13, 1),
(41, '2019-11-13', 'Falta', NULL, 103, 18, 15, 1),
(42, '2019-11-14', 'Falta', NULL, 105, 10, 14, 1),
(43, '2019-11-13', 'Falta', NULL, 106, 4, 21, 1),
(44, '2019-11-15', 'Falta', NULL, 109, 18, 25, 1),
(45, '2019-11-19', 'Falta', NULL, 110, 18, 22, 1),
(46, '2019-11-25', 'Falta', NULL, 111, 11, 15, 1),
(47, '2019-11-14', 'Falta', NULL, 100, 12, 16, 1),
(48, '2019-11-27', 'Falta', NULL, 112, 8, 18, 1),
(49, '2019-11-27', 'Falta', NULL, 113, 1, 21, 1),
(50, '2019-11-28', 'Falta', NULL, 114, 1, 21, 1),
(51, '2019-11-27', 'Falta', NULL, 119, 18, 15, 1),
(52, '2019-11-28', 'Falta', NULL, 120, 10, 14, 1),
(53, '2019-11-27', 'Falta', NULL, 121, 4, 21, 1),
(54, '2019-11-26', 'Falta', NULL, 123, 18, 22, 1),
(55, '2019-11-29', 'Falta', NULL, 115, 13, 17, 1),
(56, '2019-11-29', 'Falta', NULL, 117, 19, 24, 2),
(57, '2019-11-29', 'Falta', NULL, 118, 4, 13, 1),
(58, '2019-11-29', 'Falta', NULL, 122, 18, 25, 1),
(59, '2019-11-29', 'Falta', NULL, 116, 9, 12, 1),
(60, '2019-12-02', 'Falta', NULL, 124, 11, 15, 1),
(61, '2019-12-05', 'Falta', NULL, 125, 12, 16, 1),
(62, '2019-12-04', 'Falta', NULL, 126, 8, 18, 1),
(63, '2019-12-04', 'Falta', NULL, 127, 1, 21, 1),
(64, '2019-12-05', 'Falta', NULL, 128, 1, 21, 1),
(65, '2019-12-04', 'Falta', NULL, 129, 18, 15, 1),
(66, '2019-12-05', 'Falta', NULL, 130, 10, 14, 1),
(67, '2019-12-04', 'Falta', NULL, 131, 4, 21, 1),
(68, '2019-12-03', 'Falta', NULL, 132, 18, 22, 1),
(69, '2019-12-06', 'Falta', NULL, 133, 13, 17, 1),
(70, '2019-12-06', 'Falta', NULL, 134, 19, 24, 2),
(71, '2019-12-06', 'Falta', NULL, 135, 4, 13, 1),
(72, '2019-12-06', 'Falta', NULL, 136, 18, 25, 1),
(73, '2019-12-06', 'Falta', NULL, 137, 9, 12, 1),
(74, '2019-12-09', 'Falta', NULL, 138, 11, 15, 1),
(75, '2019-12-10', 'Falta', NULL, 139, 18, 22, 1),
(76, '2019-12-12', 'Falta', NULL, 140, 12, 16, 1),
(77, '2019-12-12', 'Falta', NULL, 143, 1, 21, 1),
(78, '2019-12-12', 'Falta', NULL, 145, 10, 14, 1);

-- --------------------------------------------------------

--
-- Estructura de tabla para la tabla `fechamesa`
--

CREATE TABLE `fechamesa` (
  `id_fechaMesa` int(20) NOT NULL,
  `fechaMesa` date NOT NULL
) ENGINE=InnoDB DEFAULT CHARSET=latin1;

--
-- Volcado de datos para la tabla `fechamesa`
--

INSERT INTO `fechamesa` (`id_fechaMesa`, `fechaMesa`) VALUES
(56, '2020-01-14'),
(57, '2020-01-15'),
(60, '2021-10-11'),
(64, '2019-12-02'),
(65, '2019-12-03'),
(66, '2019-12-04'),
(67, '2019-12-05'),
(68, '2019-12-06'),
(69, '2019-12-16'),
(70, '2019-12-17'),
(71, '2019-12-18'),
(72, '2019-12-19'),
(73, '2019-12-20'),
(75, '2019-11-22');

-- --------------------------------------------------------

--
-- Estructura de tabla para la tabla `horadeconsulta`
--

CREATE TABLE `horadeconsulta` (
  `id_horadeconsulta` int(20) NOT NULL,
  `fechaDesdeAnotados` date NOT NULL,
  `fechaHastaAnotados` date NOT NULL,
  `cantidadAnotados` int(50) NOT NULL,
  `estadoPresentismo` varchar(50) NOT NULL,
  `estadoVigencia` varchar(50) NOT NULL,
  `fk_materia` int(20) NOT NULL,
  `fk_horariodeconsulta` int(20) NOT NULL,
  `fk_profesor` int(20) NOT NULL
) ENGINE=InnoDB DEFAULT CHARSET=utf8;

--
-- Volcado de datos para la tabla `horadeconsulta`
--

INSERT INTO `horadeconsulta` (`id_horadeconsulta`, `fechaDesdeAnotados`, `fechaHastaAnotados`, `cantidadAnotados`, `estadoPresentismo`, `estadoVigencia`, `fk_materia`, `fk_horariodeconsulta`, `fk_profesor`) VALUES
(31, '2019-10-12', '2019-10-22', 4, 'activo', 'completo', 1, 65, 2),
(40, '2019-10-08', '2019-10-15', 0, 'activo', 'completo', 1, 64, 2),
(54, '2019-10-15', '2019-10-29', 1, 'activo', 'completo', 1, 64, 2),
(55, '2019-10-22', '2019-10-30', 0, 'calculado', 'completo', 8, 69, 20),
(56, '2019-10-22', '2019-10-25', 0, 'calculado', 'completo', 9, 71, 12),
(57, '2019-10-22', '2019-10-28', 0, 'calculado', 'completo', 4, 73, 13),
(58, '2019-10-22', '2019-10-28', 1, 'calculado', 'completo', 4, 75, 13),
(60, '2019-10-22', '2019-10-28', 1, 'calculado', 'completo', 11, 79, 15),
(62, '2019-10-22', '2019-10-25', 1, 'calculado', 'completo', 13, 83, 17),
(63, '2019-10-22', '2019-11-01', 0, 'calculado', 'completo', 8, 85, 18),
(64, '2019-10-22', '2019-10-29', 1, 'calculado', 'completo', 8, 87, 19),
(65, '2019-10-24', '2019-10-29', 0, 'calculado', 'completo', 8, 89, 18),
(66, '2019-10-24', '2019-10-30', 1, 'calculado', 'completo', 8, 91, 18),
(70, '2019-10-28', '2019-11-04', 1, 'calculado', 'completo', 4, 75, 13),
(71, '2019-10-28', '2019-11-04', 0, 'calculado', 'completo', 11, 79, 15),
(72, '2019-10-29', '2019-11-05', 0, 'calculado', 'completo', 1, 0, 2),
(74, '2019-10-29', '2019-11-05', 1, 'calculado', 'completo', 8, 87, 19),
(75, '2019-10-30', '2019-11-06', 0, 'calculado', 'completo', 8, 91, 18),
(78, '2019-10-22', '2019-11-05', 0, 'calculado', 'completo', 4, 65, 13),
(79, '2019-10-25', '2019-11-08', 1, 'calculado', 'completo', 9, 71, 12),
(80, '2019-10-25', '2019-11-08', 1, 'calculado', 'completo', 13, 83, 17),
(84, '2019-11-04', '2019-11-12', 0, 'calculado', 'completo', 4, 75, 13),
(85, '2019-11-07', '2019-11-13', 0, 'calculado', 'completo', 4, 98, 21),
(86, '2019-11-07', '2019-11-13', 0, 'calculado', 'completo', 1, 101, 21),
(87, '2019-11-07', '2019-11-14', 1, 'calculado', 'completo', 1, 102, 21),
(89, '2019-11-07', '2019-11-13', 0, 'calculado', 'completo', 12, 106, 16),
(90, '2019-11-07', '2019-11-12', 1, 'calculado', 'completo', 18, 108, 22),
(92, '2019-11-07', '2019-11-12', 0, 'calculado', 'completo', 18, 112, 15),
(93, '2019-11-08', '2019-11-15', 0, 'calculado', 'completo', 13, 83, 17),
(94, '2019-11-08', '2019-11-15', 1, 'calculado', 'completo', 9, 71, 12),
(95, '2019-11-07', '2019-11-08', 0, 'calculado', 'completo', 19, 114, 24),
(96, '2019-11-07', '2019-11-12', 1, 'calculado', 'completo', 18, 115, 22),
(97, '2019-11-07', '2019-11-08', 0, 'calculado', 'completo', 4, 116, 13),
(99, '2019-11-07', '2019-11-12', 0, 'calculado', 'completo', 12, 118, 16),
(100, '2019-11-07', '2019-11-14', 2, 'calculado', 'completo', 12, 119, 16),
(102, '2019-11-07', '2019-11-11', 0, 'calculado', 'completo', 18, 121, 15),
(103, '2019-11-07', '2019-11-13', 0, 'calculado', 'completo', 18, 122, 15),
(104, '2019-11-07', '2019-11-11', 0, 'calculado', 'completo', 10, 124, 14),
(105, '2019-11-07', '2019-11-14', 1, 'calculado', 'completo', 10, 125, 14),
(106, '2019-11-07', '2019-11-13', 0, 'calculado', 'completo', 4, 126, 21),
(107, '2019-11-12', '2019-11-12', 1, 'calculado', 'completo', 18, 115, 22),
(108, '2019-11-09', '2019-11-11', 0, 'calculado', 'completo', 18, 128, 25),
(109, '2019-11-09', '2019-11-15', 0, 'calculado', 'completo', 18, 129, 25),
(110, '2019-11-12', '2019-11-19', 0, 'calculado', 'completo', 18, 115, 22),
(111, '2019-11-04', '2019-11-25', 0, 'calculado', 'completo', 11, 79, 15),
(112, '2019-11-06', '2019-11-27', 0, 'calculado', 'completo', 8, 91, 18),
(113, '2019-11-13', '2019-11-27', 0, 'calculado', 'completo', 1, 101, 21),
(114, '2019-11-14', '2019-11-28', 0, 'calculado', 'completo', 1, 102, 21),
(115, '2019-11-15', '2019-11-29', 1, 'calculado', 'completo', 13, 83, 17),
(116, '2019-11-15', '2019-11-29', 0, 'calculado', 'completo', 9, 71, 12),
(117, '2019-11-08', '2019-11-29', 0, 'calculado', 'completo', 19, 114, 24),
(118, '2019-11-08', '2019-11-29', 0, 'calculado', 'completo', 4, 116, 13),
(119, '2019-11-13', '2019-11-27', 0, 'calculado', 'completo', 18, 122, 15),
(120, '2019-11-14', '2019-11-28', 0, 'calculado', 'completo', 10, 125, 14),
(121, '2019-11-13', '2019-11-27', 0, 'calculado', 'completo', 4, 126, 21),
(122, '2019-11-15', '2019-11-29', 1, 'calculado', 'completo', 18, 129, 25),
(123, '2019-11-19', '2019-11-26', 0, 'calculado', 'completo', 18, 115, 22),
(124, '2019-11-25', '2019-12-02', 0, 'calculado', 'completo', 11, 79, 15),
(125, '2019-11-14', '2019-12-05', 0, 'calculado', 'completo', 12, 119, 16),
(126, '2019-11-27', '2019-12-04', 0, 'calculado', 'completo', 8, 91, 18),
(127, '2019-11-27', '2019-12-04', 0, 'calculado', 'completo', 1, 101, 21),
(128, '2019-11-28', '2019-12-05', 0, 'calculado', 'completo', 1, 102, 21),
(129, '2019-11-27', '2019-12-04', 0, 'calculado', 'completo', 18, 122, 15),
(130, '2019-11-28', '2019-12-05', 1, 'calculado', 'completo', 10, 125, 14),
(131, '2019-11-27', '2019-12-04', 0, 'calculado', 'completo', 4, 126, 21),
(132, '2019-11-26', '2019-12-03', 1, 'calculado', 'completo', 18, 115, 22),
(133, '2019-11-29', '2019-12-06', 0, 'calculado', 'completo', 13, 83, 17),
(134, '2019-11-29', '2019-12-06', 0, 'calculado', 'completo', 19, 114, 24),
(135, '2019-11-29', '2019-12-06', 0, 'calculado', 'completo', 4, 116, 13),
(136, '2019-11-29', '2019-12-06', 0, 'calculado', 'completo', 18, 129, 25),
(137, '2019-11-29', '2019-12-06', 0, 'calculado', 'completo', 9, 71, 12),
(138, '2019-12-02', '2019-12-09', 0, 'calculado', 'completo', 11, 79, 15),
(139, '2019-12-03', '2019-12-10', 0, 'calculado', 'completo', 18, 115, 22),
(140, '2019-12-05', '2019-12-12', 0, 'calculado', 'completo', 12, 119, 16),
(141, '2019-12-04', '2019-12-18', 0, 'pendiente', 'activo', 8, 91, 18),
(142, '2019-12-04', '2019-12-18', 0, 'pendiente', 'activo', 1, 101, 21),
(143, '2019-12-05', '2019-12-12', 0, 'calculado', 'completo', 1, 102, 21),
(144, '2019-12-04', '2019-12-18', 0, 'pendiente', 'activo', 18, 122, 15),
(145, '2019-12-05', '2019-12-12', 0, 'calculado', 'completo', 10, 125, 14),
(146, '2019-12-04', '2019-12-18', 0, 'pendiente', 'activo', 4, 126, 21),
(147, '2019-12-06', '2019-12-13', 1, 'pendiente', 'completo', 13, 83, 17),
(148, '2019-12-06', '2019-12-13', 0, 'pendiente', 'completo', 19, 114, 24),
(149, '2019-12-06', '2019-12-13', 0, 'pendiente', 'completo', 4, 116, 13),
(150, '2019-12-06', '2019-12-13', 0, 'pendiente', 'completo', 18, 129, 25),
(151, '2019-12-06', '2019-12-13', 0, 'pendiente', 'completo', 9, 71, 12),
(152, '2019-12-09', '2019-12-16', 0, 'pendiente', 'activo', 11, 79, 15),
(153, '2019-12-10', '2019-12-17', 0, 'pendiente', 'activo', 18, 115, 22),
(154, '2019-12-12', '2019-12-18', 0, 'pendiente', 'activo', 1, 131, 26),
(155, '2019-12-12', '2019-12-19', 2, 'pendiente', 'activo', 12, 119, 16),
(156, '2019-12-12', '2019-12-19', 0, 'pendiente', 'activo', 1, 102, 21),
(157, '2019-12-12', '2019-12-19', 0, 'pendiente', 'activo', 10, 125, 14),
(158, '2019-12-13', '2020-02-14', 0, 'pendiente', 'activo', 13, 83, 17),
(159, '2019-12-13', '2020-02-14', 0, 'pendiente', 'activo', 19, 114, 24),
(160, '2019-12-13', '2020-02-14', 0, 'pendiente', 'activo', 4, 116, 13),
(161, '2019-12-13', '2020-02-14', 0, 'pendiente', 'activo', 18, 129, 25),
(162, '2019-12-13', '2020-02-14', 0, 'pendiente', 'activo', 9, 71, 12),
(163, '2019-12-15', '2019-12-16', 0, 'pendiente', 'activo', 8, 134, 19);

-- --------------------------------------------------------

--
-- Estructura de tabla para la tabla `horariocursado`
--

CREATE TABLE `horariocursado` (
  `id_horariocursado` int(20) NOT NULL,
  `HoraDesde` time NOT NULL,
  `HoraHasta` time NOT NULL,
  `fk_profesor` int(20) NOT NULL,
  `fk_materia` int(20) NOT NULL,
  `semestreAnual` varchar(50) NOT NULL,
  `fk_dia` int(20) NOT NULL,
  `fk_turno` int(20) DEFAULT NULL,
  `comision` varchar(50) DEFAULT NULL
) ENGINE=InnoDB DEFAULT CHARSET=utf8;

--
-- Volcado de datos para la tabla `horariocursado`
--

INSERT INTO `horariocursado` (`id_horariocursado`, `HoraDesde`, `HoraHasta`, `fk_profesor`, `fk_materia`, `semestreAnual`, `fk_dia`, `fk_turno`, `comision`) VALUES
(1, '08:00:00', '08:00:00', 5, 3, '1', 1, NULL, NULL),
(3, '19:00:00', '22:00:00', 12, 9, '2', 3, NULL, NULL),
(4, '16:00:00', '17:00:00', 13, 4, '1', 2, NULL, NULL),
(5, '19:00:00', '22:00:00', 14, 10, '2', 1, NULL, NULL),
(6, '15:00:00', '16:00:00', 15, 11, '2', 3, NULL, NULL),
(7, '16:00:00', '19:00:00', 16, 12, '1', 3, NULL, NULL),
(8, '19:00:00', '22:00:00', 17, 13, '2', 5, NULL, NULL),
(9, '14:00:00', '19:00:00', 18, 8, 'anual', 4, NULL, NULL),
(10, '14:00:00', '19:00:00', 19, 8, 'anual', 4, NULL, NULL),
(11, '18:15:00', '23:00:00', 11, 8, 'anual', 4, NULL, NULL),
(12, '18:15:00', '23:00:00', 20, 8, 'anual', 4, NULL, NULL),
(13, '16:00:00', '19:00:00', 16, 12, '1', 3, NULL, NULL),
(14, '19:00:00', '22:00:00', 16, 14, 'anual', 1, NULL, NULL),
(16, '14:30:00', '16:00:00', 21, 4, '1', 1, NULL, NULL),
(17, '14:30:00', '19:00:00', 13, 1, 'anual', 2, NULL, NULL),
(18, '14:30:00', '19:00:00', 21, 1, 'anual', 2, NULL, NULL),
(19, '19:00:00', '22:00:00', 16, 14, 'anual', 3, NULL, NULL),
(20, '16:00:00', '19:00:00', 16, 12, '1', 3, NULL, NULL),
(21, '14:30:00', '19:00:00', 15, 18, 'anual', 3, NULL, NULL),
(22, '16:00:00', '19:00:00', 22, 18, 'anual', 3, NULL, NULL),
(23, '14:00:00', '16:00:00', 23, 18, 'anual', 3, NULL, NULL),
(24, '14:00:00', '16:00:00', 15, 18, 'anual', 2, NULL, NULL),
(25, '14:00:00', '16:00:00', 15, 18, 'anual', 2, NULL, NULL),
(26, '19:00:00', '22:00:00', 24, 19, '1', 3, NULL, NULL),
(27, '16:00:00', '19:00:00', 16, 14, 'anual', 1, NULL, NULL),
(28, '19:00:00', '22:00:00', 16, 14, 'anual', 4, NULL, NULL),
(29, '19:00:00', '22:00:00', 14, 10, '2', 2, NULL, NULL),
(30, '14:00:00', '16:00:00', 25, 18, 'anual', 3, NULL, NULL),
(31, '17:00:00', '19:00:00', 4, 1, 'anual', 2, NULL, NULL),
(32, '19:00:00', '22:00:00', 4, 1, 'anual', 2, NULL, NULL),
(33, '17:00:00', '19:00:00', 5, 1, 'anual', 2, NULL, NULL),
(34, '19:00:00', '22:00:00', 5, 1, 'anual', 2, NULL, NULL),
(35, '17:00:00', '19:00:00', 26, 1, 'anual', 2, NULL, NULL);

-- --------------------------------------------------------

--
-- Estructura de tabla para la tabla `horariodeconsulta`
--

CREATE TABLE `horariodeconsulta` (
  `id_horariodeconsulta` int(20) NOT NULL,
  `hora` char(5) NOT NULL,
  `activoDesde` date NOT NULL,
  `activoHasta` date NOT NULL,
  `fk_dia` int(20) NOT NULL,
  `fk_materia` int(20) NOT NULL,
  `fk_profesor` int(20) NOT NULL,
  `semestre` int(11) NOT NULL,
  `n` int(2) NOT NULL,
  `fk_aula` int(20) NOT NULL
) ENGINE=InnoDB DEFAULT CHARSET=utf8;

--
-- Volcado de datos para la tabla `horariodeconsulta`
--

INSERT INTO `horariodeconsulta` (`id_horariodeconsulta`, `hora`, `activoDesde`, `activoHasta`, `fk_dia`, `fk_materia`, `fk_profesor`, `semestre`, `n`, `fk_aula`) VALUES
(62, '08:00', '2019-10-12', '2019-11-07', 1, 1, 2, 1, 1, 1),
(63, '08:00', '2019-10-12', '2019-11-07', 4, 1, 2, 1, 2, 2),
(64, '08:00', '2019-10-12', '0000-00-00', 2, 1, 4, 2, 1, 114),
(65, '08:00', '2019-10-12', '2019-11-07', 4, 1, 2, 2, 2, 2),
(66, '08:00', '2019-10-12', '2019-11-07', 2, 1, 2, 31, 1, 2),
(67, '08:00', '2019-10-12', '2019-11-07', 2, 1, 2, 32, 1, 1),
(68, '17:00', '2019-10-22', '0000-00-00', 3, 8, 20, 1, 1, 1),
(69, '17:00', '2019-10-22', '0000-00-00', 3, 8, 20, 2, 1, 1),
(70, '17:00', '2019-10-22', '2019-12-15', 5, 9, 12, 1, 1, 1),
(71, '17:00', '2019-10-22', '0000-00-00', 5, 9, 12, 2, 1, 1),
(72, '16:45', '2019-10-22', '2019-10-22', 1, 4, 13, 1, 1, 1),
(73, '16:45', '2019-10-22', '2019-10-22', 1, 4, 13, 2, 1, 1),
(74, '15:45', '2019-10-22', '0000-00-00', 1, 4, 13, 1, 1, 1),
(75, '15:45', '2019-10-22', '2019-11-07', 1, 4, 13, 2, 1, 1),
(78, '19:00', '2019-10-22', '0000-00-00', 1, 11, 15, 1, 1, 1),
(79, '19:00', '2019-10-22', '0000-00-00', 1, 11, 15, 2, 1, 1),
(82, '15:00', '2019-10-22', '0000-00-00', 5, 13, 17, 1, 1, 1),
(83, '15:00', '2019-10-22', '0000-00-00', 5, 13, 17, 2, 1, 1),
(84, '18:00', '2019-10-22', '2019-10-24', 3, 8, 18, 1, 1, 1),
(85, '18:00', '2019-10-22', '2019-10-24', 3, 8, 18, 2, 1, 1),
(86, '17:00', '2019-10-22', '2019-12-15', 2, 8, 19, 1, 1, 1),
(87, '17:00', '2019-10-22', '2019-12-15', 2, 8, 19, 2, 1, 1),
(88, '18:00', '2019-10-24', '2019-10-24', 1, 8, 18, 1, 1, 1),
(89, '19:00', '2019-10-24', '2019-10-24', 2, 8, 18, 2, 1, 1),
(90, '18:00', '2019-10-24', '0000-00-00', 2, 8, 18, 1, 1, 1),
(91, '19:00', '2019-10-24', '0000-00-00', 3, 8, 18, 2, 1, 1),
(97, '11:00', '2019-11-07', '0000-00-00', 1, 4, 21, 1, 1, 1),
(98, '14:00', '2019-11-07', '2019-11-07', 3, 4, 21, 2, 1, 1),
(99, '20:00', '2019-11-07', '0000-00-00', 3, 1, 21, 1, 1, 1),
(100, '15:00', '2019-11-07', '0000-00-00', 4, 1, 21, 1, 2, 1),
(101, '20:00', '2019-11-07', '0000-00-00', 3, 1, 21, 2, 1, 1),
(102, '15:00', '2019-11-07', '0000-00-00', 4, 1, 21, 2, 2, 1),
(105, '14:00', '2019-11-07', '0000-00-00', 3, 12, 16, 1, 1, 121),
(106, '14:00', '2019-11-07', '2019-11-07', 3, 12, 16, 2, 1, 1),
(107, '17:00', '2019-11-07', '0000-00-00', 2, 18, 22, 1, 1, 115),
(108, '19:00', '2019-11-07', '2019-11-07', 2, 18, 22, 2, 1, 1),
(109, '16:00', '2019-11-07', '0000-00-00', 2, 18, 23, 1, 1, 1),
(111, '16:00', '2019-11-07', '0000-00-00', 2, 18, 15, 1, 1, 117),
(112, '16:00', '2019-11-07', '2019-11-07', 2, 18, 15, 2, 1, 1),
(113, '15:00', '2019-11-07', '0000-00-00', 5, 19, 24, 1, 1, 121),
(114, '15:00', '2019-11-07', '0000-00-00', 5, 19, 24, 2, 1, 121),
(115, '15:30', '2019-11-07', '0000-00-00', 2, 18, 22, 2, 1, 1),
(116, '14:30', '2019-11-07', '0000-00-00', 5, 4, 13, 2, 1, 1),
(118, '15:30', '2019-11-07', '2019-11-07', 2, 12, 16, 2, 1, 1),
(119, '19:00', '2019-11-07', '0000-00-00', 4, 12, 16, 2, 1, 1),
(120, '16:00', '2019-11-10', '0000-00-00', 5, 18, 23, 2, 1, 1),
(121, '16:00', '2019-11-07', '2019-11-07', 1, 18, 15, 2, 1, 1),
(122, '19:00', '2019-11-07', '0000-00-00', 3, 18, 15, 2, 1, 1),
(123, '08:00', '2019-11-07', '0000-00-00', 1, 10, 14, 1, 1, 1),
(124, '14:00', '2019-11-07', '2019-11-07', 1, 10, 14, 2, 1, 1),
(125, '14:00', '2019-11-07', '0000-00-00', 4, 10, 14, 2, 1, 1),
(126, '13:00', '2019-11-07', '0000-00-00', 3, 4, 21, 2, 1, 1),
(127, '08:00', '2019-11-09', '0000-00-00', 1, 18, 25, 1, 1, 114),
(128, '16:00', '2019-11-09', '2019-11-09', 1, 18, 25, 2, 1, 1),
(129, '16:00', '2019-11-09', '0000-00-00', 5, 18, 25, 2, 1, 1),
(130, '19:00', '2019-12-12', '0000-00-00', 3, 1, 26, 1, 1, 1),
(131, '19:00', '2019-12-12', '0000-00-00', 3, 1, 26, 2, 1, 1),
(132, '16:00', '2019-12-15', '0000-00-00', 5, 9, 12, 1, 1, 1),
(133, '14:00', '2019-12-15', '0000-00-00', 1, 8, 19, 1, 1, 1),
(134, '15:00', '2019-12-15', '0000-00-00', 1, 8, 19, 2, 1, 1);

-- --------------------------------------------------------

--
-- Estructura de tabla para la tabla `materia`
--

CREATE TABLE `materia` (
  `id_materia` int(20) NOT NULL,
  `nombreMateria` varchar(50) NOT NULL,
  `fk_departamento` int(20) NOT NULL,
  `fk_dia` int(20) NOT NULL,
  `eliminado` tinyint(1) DEFAULT NULL
) ENGINE=InnoDB DEFAULT CHARSET=utf8;

--
-- Volcado de datos para la tabla `materia`
--

INSERT INTO `materia` (`id_materia`, `nombreMateria`, `fk_departamento`, `fk_dia`, `eliminado`) VALUES
(1, 'Proyecto Final', 1, 1, NULL),
(3, 'Análisis matemático', 2, 3, NULL),
(4, 'Administración Gerencial', 1, 2, NULL),
(7, 'quimica 1', 6, 3, NULL),
(8, 'Diseño de Sistemas', 1, 4, NULL),
(9, 'Modelado de procesos de negocios', 1, 3, NULL),
(10, 'Teoría de control', 1, 3, NULL),
(11, 'Investigación operativa', 1, 2, NULL),
(12, 'Sistema de gestión', 1, 1, NULL),
(13, 'Redes de información', 1, 1, NULL),
(14, 'Análisis de sistemas', 1, 1, NULL),
(15, 'Sistema de Representación', 2, 1, NULL),
(16, 'Inteligencia Artificial', 1, 3, NULL),
(17, 'Economía', 1, 3, 1),
(18, 'Administración de recursos', 1, 4, NULL),
(19, 'Economía', 2, 1, NULL),
(20, 'Base de Datos Avanzada', 1, 4, 1);

-- --------------------------------------------------------

--
-- Estructura de tabla para la tabla `materias_alumno`
--

CREATE TABLE `materias_alumno` (
  `fk_alumno` int(20) NOT NULL,
  `fk_materia` int(20) NOT NULL
) ENGINE=InnoDB DEFAULT CHARSET=utf8;

--
-- Volcado de datos para la tabla `materias_alumno`
--

INSERT INTO `materias_alumno` (`fk_alumno`, `fk_materia`) VALUES
(1, 1),
(1, 2),
(1, 3),
(1, 15),
(2, 1),
(4, 4),
(17, 1),
(17, 9),
(17, 13),
(17, 16);

-- --------------------------------------------------------

--
-- Estructura de tabla para la tabla `perfil`
--

CREATE TABLE `perfil` (
  `nombrePerfil` varchar(20) NOT NULL,
  `id_perfil` int(20) NOT NULL
) ENGINE=InnoDB DEFAULT CHARSET=utf8;

--
-- Volcado de datos para la tabla `perfil`
--

INSERT INTO `perfil` (`nombrePerfil`, `id_perfil`) VALUES
('alumno', 1),
('profesor', 2),
('director', 3),
('root', 4),
('personal', 5),
('administrador', 6);

-- --------------------------------------------------------

--
-- Estructura de tabla para la tabla `persona`
--

CREATE TABLE `persona` (
  `id_persona` int(20) NOT NULL,
  `nombre` varchar(11) NOT NULL,
  `apellido` varchar(11) NOT NULL,
  `dni` varchar(11) CHARACTER SET utf8 NOT NULL,
  `email` varchar(50) NOT NULL,
  `eliminado` tinyint(1) DEFAULT NULL
) ENGINE=InnoDB DEFAULT CHARSET=latin1;

--
-- Volcado de datos para la tabla `persona`
--

INSERT INTO `persona` (`id_persona`, `nombre`, `apellido`, `dni`, `email`, `eliminado`) VALUES
(1, 'Ulises', 'Fernandez', '35546991', '', NULL),
(2, 'Root', 'Root', 'root', 'consultasutnfrm2019@gmail.com', NULL);

-- --------------------------------------------------------

--
-- Estructura de tabla para la tabla `presentismo`
--

CREATE TABLE `presentismo` (
  `id_presentismo` int(20) NOT NULL,
  `fecha` date NOT NULL,
  `horaDesde` time NOT NULL,
  `horaHasta` time NOT NULL,
  `fk_profesor` int(20) NOT NULL,
  `fk_horadeconsulta` int(20) NOT NULL
) ENGINE=InnoDB DEFAULT CHARSET=utf8;

--
-- Volcado de datos para la tabla `presentismo`
--

INSERT INTO `presentismo` (`id_presentismo`, `fecha`, `horaDesde`, `horaHasta`, `fk_profesor`, `fk_horadeconsulta`) VALUES
(21, '2019-10-15', '00:50:52', '00:50:56', 2, 40),
(22, '2019-10-28', '16:02:25', '16:03:36', 13, 58),
(23, '2019-10-28', '19:01:38', '19:02:29', 15, 60),
(24, '2019-10-29', '08:00:27', '08:04:42', 2, 54),
(25, '2019-10-29', '15:01:12', '15:01:42', 16, 68),
(26, '2019-10-29', '15:03:00', '15:04:06', 19, 64),
(27, '2019-10-30', '19:01:38', '19:01:58', 18, 66),
(28, '2019-10-31', '14:00:44', '14:00:57', 16, 69),
(29, '2019-10-30', '17:02:49', '17:08:57', 0, 59),
(30, '2019-10-30', '17:08:31', '00:00:00', 20, 55),
(31, '2019-11-05', '17:01:40', '17:02:18', 19, 74),
(32, '2019-11-08', '15:11:10', '15:11:48', 17, 80),
(33, '2019-11-08', '17:11:40', '17:11:59', 12, 79),
(34, '2019-11-12', '15:32:41', '15:38:13', 22, 96),
(35, '2019-11-12', '15:31:50', '15:32:33', 22, 107);

-- --------------------------------------------------------

--
-- Estructura de tabla para la tabla `privilegio`
--

CREATE TABLE `privilegio` (
  `nombrePrivilegio` varchar(35) NOT NULL,
  `numeroPermiso` int(11) NOT NULL,
  `id_privilegio` int(20) NOT NULL
) ENGINE=InnoDB DEFAULT CHARSET=utf8;

--
-- Volcado de datos para la tabla `privilegio`
--

INSERT INTO `privilegio` (`nombrePrivilegio`, `numeroPermiso`, `id_privilegio`) VALUES
('Receso', 1, 1),
('Feriado', 2, 2),
('Asueto', 3, 3),
('Mesas', 4, 4),
('Aulas', 5, 5),
('Departamento', 6, 6),
('Materias', 7, 7),
('Profesores', 8, 8),
('Asignar Materia a Profesor', 9, 9),
('Asignar Horario de Cursado', 10, 10),
('Cambiar Aula de Consulta', 11, 11),
('Alumno', 12, 12),
('Cargo Direcotr', 13, 13),
('Personal', 14, 14),
('Cerrar Horas de consulta Ausentes', 15, 15),
('Calcular Asistencia', 16, 16),
('Backup', 17, 17),
('Administrador', 18, 18);

-- --------------------------------------------------------

--
-- Estructura de tabla para la tabla `privilegioperfil`
--

CREATE TABLE `privilegioperfil` (
  `fk_perfil` int(20) NOT NULL,
  `fk_privilegio` int(20) NOT NULL
) ENGINE=InnoDB DEFAULT CHARSET=utf8;

--
-- Volcado de datos para la tabla `privilegioperfil`
--

INSERT INTO `privilegioperfil` (`fk_perfil`, `fk_privilegio`) VALUES
(4, 1),
(4, 2),
(4, 3),
(4, 4),
(4, 5),
(4, 6),
(4, 7),
(4, 8),
(4, 9),
(4, 10),
(4, 11),
(4, 12),
(4, 13),
(4, 14),
(4, 15),
(4, 16),
(4, 17),
(4, 18),
(6, 1),
(6, 4),
(6, 7);

-- --------------------------------------------------------

--
-- Estructura de tabla para la tabla `profesor`
--

CREATE TABLE `profesor` (
  `id_profesor` int(20) NOT NULL,
  `legajo` varchar(20) NOT NULL,
  `apellido` varchar(50) NOT NULL,
  `nombre` varchar(50) NOT NULL,
  `email` varchar(50) NOT NULL,
  `fk_dedicacion_materia_profesor` int(20) DEFAULT NULL,
  `eliminado` tinyint(1) DEFAULT NULL
) ENGINE=InnoDB DEFAULT CHARSET=utf8;

--
-- Volcado de datos para la tabla `profesor`
--

INSERT INTO `profesor` (`id_profesor`, `legajo`, `apellido`, `nombre`, `email`, `fk_dedicacion_materia_profesor`, `eliminado`) VALUES
(12, '85321', 'Rotella', 'Carina', 'crotella@gmial.com', NULL, NULL),
(13, '85156', 'Carbonari', 'Daniela', 'dcarbonari@gmail.com', NULL, NULL),
(14, '0548', 'Castellanos', 'Cecilia', 'albanapereyra@gmail.com', NULL, NULL),
(15, '12558', 'Roberti', 'Bruno', 'broberti@gmail.com', NULL, NULL),
(16, '58974', 'Tagarelli', 'Sandra', 'albanapereyra@gmail.com', NULL, NULL),
(17, '58963', 'Tonelli', 'Raúl', 'rtonelli@gmail.com', NULL, NULL),
(18, '89335', 'Ghilardi', 'Cristian', 'cghilardi@gmail.com', NULL, NULL),
(19, '58315', 'Poblete', 'Claudia', 'cpoblete@gmail.com', NULL, NULL),
(20, '89532', 'Ruiz', 'Adriana', 'aruiz@gmail.com', NULL, NULL),
(21, '0648', 'Vazquez', 'Alejandro', 'avazquez@gmail.com', NULL, NULL),
(22, '8565', 'Cuenca', 'Julio', 'jcuenca@gmail.com', NULL, NULL),
(24, '8621', 'Grossi', 'Eduardo', 'egrossi@gmail.com', NULL, NULL),
(25, '8564', 'Correa', 'Claudia', 'ccorrea@gmail.com', NULL, NULL),
(26, '58964', 'Moralejo', 'Raúl', 'rmoralejo@gmail.com', NULL, NULL);

-- --------------------------------------------------------

--
-- Estructura de tabla para la tabla `turno`
--

CREATE TABLE `turno` (
  `id_turno` int(20) NOT NULL,
  `nombre` varchar(20) NOT NULL,
  `HoraDesdeTurno` time NOT NULL,
  `HoraHastaTurno` time NOT NULL
) ENGINE=InnoDB DEFAULT CHARSET=utf8;

--
-- Volcado de datos para la tabla `turno`
--

INSERT INTO `turno` (`id_turno`, `nombre`, `HoraDesdeTurno`, `HoraHastaTurno`) VALUES
(1, 'Mañana', '08:00:00', '00:00:00');

-- --------------------------------------------------------

--
-- Estructura de tabla para la tabla `usuario`
--

CREATE TABLE `usuario` (
  `id_usuario` int(20) NOT NULL,
  `usuario` varchar(50) NOT NULL,
  `contraseña` varchar(70) NOT NULL,
  `fk_alumno` int(20) DEFAULT NULL,
  `fk_profesor` int(20) DEFAULT NULL,
  `fk_perfil` int(20) NOT NULL,
  `fk_persona` int(20) DEFAULT NULL,
  `keygen` varchar(25) NOT NULL
) ENGINE=InnoDB DEFAULT CHARSET=utf8;

--
-- Volcado de datos para la tabla `usuario`
--

INSERT INTO `usuario` (`id_usuario`, `usuario`, `contraseña`, `fk_alumno`, `fk_profesor`, `fk_perfil`, `fk_persona`, `keygen`) VALUES
(6, '35821', '$2y$10$LTAsfQoxzhQXQOu88XBAoerUDbW7O68wNPrHz3x8gIc0Ddnyt61s6', 1, NULL, 1, NULL, ''),
(7, 'porte', '$2y$10$LHdyKE6JxmTVqA6T.mdYPOblig4zCJw.BeUbalTk21wSG/h89uaJW', 2, NULL, 1, NULL, ''),
(8, 'test', '$2y$10$jEshAdowgM5ekVRLD/b9YenbPegwO3aFY0vkwHU6KQ51rgBYg33ZK', 4, NULL, 1, NULL, ''),
(10, 'root', '$2y$10$PNwqEM24Ie1UMpkA999Z8eTrPa3.WRJ6UrU7U6sWDjCYEoP.qQs8K', NULL, NULL, 4, 2, ''),
(11, '4625', '$2y$10$BrXc50ww8zVVbEtCOezPzO.NCdcf7qVu08.WDz2byPVIOouhfOiAC', NULL, 10, 2, NULL, ''),
(12, '34891', '$2y$10$SpBjeTMIwch/W33G.XX3huJ4FrbCotzUWVLPpqVLwKCwY1UrrE39C', 17, NULL, 1, NULL, '8a1d35e5a3e0f655605ce6408'),
(13, '85321', '$2y$10$sUBOg8JC6meaxpZw21bR3OEOKZX4Ob8odqtrPBg0RfwEKqW/vQlOa', NULL, 12, 2, NULL, ''),
(14, '85156', '$2y$10$aDtc5akQrB1oIIoUaZxNfejKnw9TaCgQcPnMKIJpK8zq9bC/05Pki', NULL, 13, 2, NULL, ''),
(15, '0548', '$2y$10$YKZKDzbSYrfRTTQFfr7Eee.1sAowRKS5Jktr44D8HlOrCUut1uAaa', NULL, 14, 3, NULL, 'ca222acacdb2c8db21ffb5849'),
(16, '12558', '$2y$10$c1uzqPUzo6ZREBLAB4tqeetYcZhjSv9pl/b/7EeuOmZ6BNfST.b.W', NULL, 15, 2, NULL, ''),
(17, '58974', '$2y$10$jpiXF3rYjQu6aCwdDFeBJOffYWIT0TWQetts3Sb8XhBWfXStVD0Va', NULL, 16, 2, NULL, 'e28e1a24e1ef0b3a209bcd00e'),
(18, '58963', '$2y$10$.E/HW4nmLXMliK1WGyd8pecD.lA.HucMBRpHf5UCOuZL957SmIIpa', NULL, 17, 2, NULL, ''),
(19, '89335', '$2y$10$skkfywPP2LeEwv1iCPVZnOPVbN4a0L1XAwuAwHfHV3A96QZlEfqcK', NULL, 18, 2, NULL, ''),
(20, '58315', '$2y$10$q.k4z3y1rs77B7KVtZ06..twHWZb86jAzRdseE1hUdOZzSF2EHkum', NULL, 19, 2, NULL, ''),
(23, '89532', '$2y$10$9ciFrD4vAIEqYcfaSELn1uvhJQN11xEf254BA84TpJgos/cD6GSwG', NULL, 20, 2, NULL, ''),
(24, '35546991', '$2y$10$izXrwXDpvuZR6Zh0yT4CHuFOWqqVpyllPsVxdDPLuqvVBn5jFeOF.', NULL, NULL, 5, 1, ''),
(25, '0648', '$2y$10$sit16d.hhW19gTBvyvvq8.vI8bSc/ChYYV7Am1UG6DpnR7WN.gt6q', NULL, 21, 2, NULL, ''),
(26, '8565', '$2y$10$UhhoAeydbph0TZacv4Tkpe0q/tSd320KgCOiCEH6eQzB7pQIPDExe', NULL, 22, 2, NULL, ''),
(28, '8621', '$2y$10$ltSJixmRTCqomdyIgASeWOVVlLY5CXOHqAZ87dSJIws5bolFS0VkW', NULL, 24, 2, NULL, ''),
(29, '8564', '$2y$10$bqsJsSVKJZq0zHG17j8L7OuKdiu7RwsOYSEPTJQW0BdsYnb6T64gW', NULL, 25, 2, NULL, ''),
(30, '58964', '$2y$10$lES23XBh.8GybQsSC1wIzO9S.12dVxtva0HpO6rPpcPGMCuzTykDm', NULL, 26, 2, NULL, '');

--
-- Índices para tablas volcadas
--

--
-- Indices de la tabla `alumno`
--
ALTER TABLE `alumno`
  ADD PRIMARY KEY (`id_alumno`),
  ADD KEY `id_alumno` (`id_alumno`),
  ADD KEY `id_alumno_2` (`id_alumno`);

--
-- Indices de la tabla `anotadosestado`
--
ALTER TABLE `anotadosestado`
  ADD PRIMARY KEY (`id_anotadoestado`),
  ADD KEY `fk_detalleanotados` (`fk_detalleanotados`),
  ADD KEY `fk_estadoanotados` (`fk_estadoanotados`);

--
-- Indices de la tabla `asueto`
--
ALTER TABLE `asueto`
  ADD PRIMARY KEY (`id_asueto`),
  ADD UNIQUE KEY `id` (`id_asueto`);

--
-- Indices de la tabla `aula`
--
ALTER TABLE `aula`
  ADD PRIMARY KEY (`id_aula`);

--
-- Indices de la tabla `avisoprofesor`
--
ALTER TABLE `avisoprofesor`
  ADD PRIMARY KEY (`id_avisoprofesor`),
  ADD KEY `fk_horadeconsulta` (`fk_horadeconsulta`);

--
-- Indices de la tabla `dedicacion`
--
ALTER TABLE `dedicacion`
  ADD PRIMARY KEY (`id_dedicacion`);

--
-- Indices de la tabla `dedicacion_materia_profesor`
--
ALTER TABLE `dedicacion_materia_profesor`
  ADD PRIMARY KEY (`id_dedicacion_materia_profesor`) USING BTREE,
  ADD KEY `fk_dedicacion` (`fk_dedicacion`),
  ADD KEY `fk_materia` (`fk_materia`),
  ADD KEY `fk_profesor` (`fk_profesor`);

--
-- Indices de la tabla `departamento`
--
ALTER TABLE `departamento`
  ADD PRIMARY KEY (`id_departamento`),
  ADD KEY `id_departamento` (`id_departamento`);

--
-- Indices de la tabla `detalleanotados`
--
ALTER TABLE `detalleanotados`
  ADD PRIMARY KEY (`id_detalleanotados`),
  ADD KEY `fk_alumno` (`fk_alumno`),
  ADD KEY `fk_horadeconsulta` (`fk_horadeconsulta`);

--
-- Indices de la tabla `dia`
--
ALTER TABLE `dia`
  ADD PRIMARY KEY (`id_dia`),
  ADD KEY `id_dia` (`id_dia`);

--
-- Indices de la tabla `estadoanotados`
--
ALTER TABLE `estadoanotados`
  ADD PRIMARY KEY (`id_estadoanotados`);

--
-- Indices de la tabla `falta`
--
ALTER TABLE `falta`
  ADD PRIMARY KEY (`id_falta`),
  ADD KEY `fk_horadeconsulta` (`fk_horadeconsulta`),
  ADD KEY `fk_departamento` (`fk_departamento`),
  ADD KEY `fk_materia` (`fk_materia`),
  ADD KEY `fk_profesor` (`fk_profesor`);

--
-- Indices de la tabla `fechamesa`
--
ALTER TABLE `fechamesa`
  ADD PRIMARY KEY (`id_fechaMesa`);

--
-- Indices de la tabla `horadeconsulta`
--
ALTER TABLE `horadeconsulta`
  ADD PRIMARY KEY (`id_horadeconsulta`),
  ADD KEY `fk_horariodeconsulta` (`fk_horariodeconsulta`),
  ADD KEY `fk_materia` (`fk_materia`),
  ADD KEY `fk_profesor` (`fk_profesor`);

--
-- Indices de la tabla `horariocursado`
--
ALTER TABLE `horariocursado`
  ADD PRIMARY KEY (`id_horariocursado`),
  ADD KEY `fk_dia` (`fk_dia`),
  ADD KEY `fk_materia` (`fk_materia`),
  ADD KEY `fk_profesor` (`fk_profesor`),
  ADD KEY `fk_turno` (`fk_turno`);

--
-- Indices de la tabla `horariodeconsulta`
--
ALTER TABLE `horariodeconsulta`
  ADD PRIMARY KEY (`id_horariodeconsulta`),
  ADD KEY `fk_dia` (`fk_dia`),
  ADD KEY `fk_materia` (`fk_materia`),
  ADD KEY `fk_profesor` (`fk_profesor`);

--
-- Indices de la tabla `materia`
--
ALTER TABLE `materia`
  ADD PRIMARY KEY (`id_materia`),
  ADD KEY `id_materia` (`id_materia`),
  ADD KEY `fk_dia` (`fk_dia`),
  ADD KEY `fk_departamento` (`fk_departamento`);

--
-- Indices de la tabla `materias_alumno`
--
ALTER TABLE `materias_alumno`
  ADD PRIMARY KEY (`fk_alumno`,`fk_materia`),
  ADD KEY `fk_materia` (`fk_materia`);

--
-- Indices de la tabla `perfil`
--
ALTER TABLE `perfil`
  ADD PRIMARY KEY (`id_perfil`);

--
-- Indices de la tabla `persona`
--
ALTER TABLE `persona`
  ADD PRIMARY KEY (`id_persona`);

--
-- Indices de la tabla `presentismo`
--
ALTER TABLE `presentismo`
  ADD PRIMARY KEY (`id_presentismo`),
  ADD KEY `fk_profesor` (`fk_profesor`),
  ADD KEY `fk_horadeconsulta` (`fk_horadeconsulta`);

--
-- Indices de la tabla `privilegio`
--
ALTER TABLE `privilegio`
  ADD PRIMARY KEY (`id_privilegio`);

--
-- Indices de la tabla `privilegioperfil`
--
ALTER TABLE `privilegioperfil`
  ADD PRIMARY KEY (`fk_perfil`,`fk_privilegio`),
  ADD KEY `fk_privilegio` (`fk_privilegio`);

--
-- Indices de la tabla `profesor`
--
ALTER TABLE `profesor`
  ADD PRIMARY KEY (`id_profesor`),
  ADD KEY `fk_dedicacion_materia_profesor` (`fk_dedicacion_materia_profesor`);

--
-- Indices de la tabla `turno`
--
ALTER TABLE `turno`
  ADD PRIMARY KEY (`id_turno`);

--
-- Indices de la tabla `usuario`
--
ALTER TABLE `usuario`
  ADD PRIMARY KEY (`id_usuario`),
  ADD KEY `fk_profesor` (`fk_profesor`),
  ADD KEY `fk_perfil` (`fk_perfil`),
  ADD KEY `fk_alumno` (`fk_alumno`);

--
-- AUTO_INCREMENT de las tablas volcadas
--

--
-- AUTO_INCREMENT de la tabla `alumno`
--
ALTER TABLE `alumno`
  MODIFY `id_alumno` int(20) NOT NULL AUTO_INCREMENT, AUTO_INCREMENT=18;
--
-- AUTO_INCREMENT de la tabla `anotadosestado`
--
ALTER TABLE `anotadosestado`
  MODIFY `id_anotadoestado` int(20) NOT NULL AUTO_INCREMENT, AUTO_INCREMENT=279;
--
-- AUTO_INCREMENT de la tabla `asueto`
--
ALTER TABLE `asueto`
  MODIFY `id_asueto` int(20) NOT NULL AUTO_INCREMENT, AUTO_INCREMENT=1229;
--
-- AUTO_INCREMENT de la tabla `aula`
--
ALTER TABLE `aula`
  MODIFY `id_aula` int(20) NOT NULL AUTO_INCREMENT, AUTO_INCREMENT=123;
--
-- AUTO_INCREMENT de la tabla `avisoprofesor`
--
ALTER TABLE `avisoprofesor`
  MODIFY `id_avisoprofesor` int(20) NOT NULL AUTO_INCREMENT, AUTO_INCREMENT=44;
--
-- AUTO_INCREMENT de la tabla `dedicacion`
--
ALTER TABLE `dedicacion`
  MODIFY `id_dedicacion` int(16) NOT NULL AUTO_INCREMENT, AUTO_INCREMENT=3;
--
-- AUTO_INCREMENT de la tabla `dedicacion_materia_profesor`
--
ALTER TABLE `dedicacion_materia_profesor`
  MODIFY `id_dedicacion_materia_profesor` int(20) NOT NULL AUTO_INCREMENT, AUTO_INCREMENT=56;
--
-- AUTO_INCREMENT de la tabla `departamento`
--
ALTER TABLE `departamento`
  MODIFY `id_departamento` int(20) NOT NULL AUTO_INCREMENT, AUTO_INCREMENT=8;
--
-- AUTO_INCREMENT de la tabla `detalleanotados`
--
ALTER TABLE `detalleanotados`
  MODIFY `id_detalleanotados` int(20) NOT NULL AUTO_INCREMENT, AUTO_INCREMENT=138;
--
-- AUTO_INCREMENT de la tabla `dia`
--
ALTER TABLE `dia`
  MODIFY `id_dia` int(20) NOT NULL AUTO_INCREMENT, AUTO_INCREMENT=7;
--
-- AUTO_INCREMENT de la tabla `estadoanotados`
--
ALTER TABLE `estadoanotados`
  MODIFY `id_estadoanotados` int(20) NOT NULL AUTO_INCREMENT, AUTO_INCREMENT=7;
--
-- AUTO_INCREMENT de la tabla `falta`
--
ALTER TABLE `falta`
  MODIFY `id_falta` int(20) NOT NULL AUTO_INCREMENT, AUTO_INCREMENT=79;
--
-- AUTO_INCREMENT de la tabla `fechamesa`
--
ALTER TABLE `fechamesa`
  MODIFY `id_fechaMesa` int(20) NOT NULL AUTO_INCREMENT, AUTO_INCREMENT=82;
--
-- AUTO_INCREMENT de la tabla `horadeconsulta`
--
ALTER TABLE `horadeconsulta`
  MODIFY `id_horadeconsulta` int(20) NOT NULL AUTO_INCREMENT, AUTO_INCREMENT=164;
--
-- AUTO_INCREMENT de la tabla `horariocursado`
--
ALTER TABLE `horariocursado`
  MODIFY `id_horariocursado` int(20) NOT NULL AUTO_INCREMENT, AUTO_INCREMENT=36;
--
-- AUTO_INCREMENT de la tabla `horariodeconsulta`
--
ALTER TABLE `horariodeconsulta`
  MODIFY `id_horariodeconsulta` int(20) NOT NULL AUTO_INCREMENT, AUTO_INCREMENT=135;
--
-- AUTO_INCREMENT de la tabla `materia`
--
ALTER TABLE `materia`
  MODIFY `id_materia` int(20) NOT NULL AUTO_INCREMENT, AUTO_INCREMENT=21;
--
-- AUTO_INCREMENT de la tabla `perfil`
--
ALTER TABLE `perfil`
  MODIFY `id_perfil` int(20) NOT NULL AUTO_INCREMENT, AUTO_INCREMENT=7;
--
-- AUTO_INCREMENT de la tabla `persona`
--
ALTER TABLE `persona`
  MODIFY `id_persona` int(20) NOT NULL AUTO_INCREMENT, AUTO_INCREMENT=3;
--
-- AUTO_INCREMENT de la tabla `presentismo`
--
ALTER TABLE `presentismo`
  MODIFY `id_presentismo` int(20) NOT NULL AUTO_INCREMENT, AUTO_INCREMENT=37;
--
-- AUTO_INCREMENT de la tabla `privilegio`
--
ALTER TABLE `privilegio`
  MODIFY `id_privilegio` int(20) NOT NULL AUTO_INCREMENT, AUTO_INCREMENT=31;
--
-- AUTO_INCREMENT de la tabla `profesor`
--
ALTER TABLE `profesor`
  MODIFY `id_profesor` int(20) NOT NULL AUTO_INCREMENT, AUTO_INCREMENT=27;
--
-- AUTO_INCREMENT de la tabla `turno`
--
ALTER TABLE `turno`
  MODIFY `id_turno` int(20) NOT NULL AUTO_INCREMENT, AUTO_INCREMENT=2;
--
-- AUTO_INCREMENT de la tabla `usuario`
--
ALTER TABLE `usuario`
  MODIFY `id_usuario` int(20) NOT NULL AUTO_INCREMENT, AUTO_INCREMENT=31;COMMIT;

/*!40101 SET CHARACTER_SET_CLIENT=@OLD_CHARACTER_SET_CLIENT */;
/*!40101 SET CHARACTER_SET_RESULTS=@OLD_CHARACTER_SET_RESULTS */;
/*!40101 SET COLLATION_CONNECTION=@OLD_COLLATION_CONNECTION */;
